season,team,win_rate
1983,	Carlton Blues,1.0
1983,	Essendon Bombers,0.0
1983,	Fitzroy Lions,1.0
1983,	Geelong Cats,0.0
1983,	Melbourne Demons,1.0
1983,	Richmond Tigers,0.0
1983,	St Kilda Saints,0.0
1983,Carlton Blues,0.6
1983,Collingwood Magpies,0.5714285714285714
1983,Essendon Bombers,0.75
1983,Fitzroy Lions,0.5555555555555556
1983,Geelong Cats,0.4117647058823529
1983,Hawthorn Hawks,0.6956521739130435
1983,Melbourne Demons,0.35
1983,North Melbourne Kangaroos,0.6666666666666666
1983,Richmond Tigers,0.2777777777777778
1983,St Kilda Saints,0.2631578947368421
1983,Sydney Swans,0.35
1983,W. Bulldogs,0.5454545454545454
1983,Western Bulldogs,0.375
1983,carlton blues,0.0
1983,collingwood magpies,0.0
1983,essendon bombers,0.0
1983,fitzroy lions,0.75
1983,geelong cats,0.25
1983,hawthorn hawks,1.0
1983,melbourne demons,1.0
1983,north melbourne kangaroos,0.6666666666666666
1983,richmond tigers,1.0
1983,st kilda saints,0.0
1983,sydney swans,0.0
1983,western bulldogs,0.3333333333333333
1984,	Essendon Bombers,1.0
1984,	Fitzroy Lions,0.0
1984,	Geelong Cats,1.0
1984,	Hawthorn Hawks,1.0
1984,	North Melbourne Kangaroos,1.0
1984,	Sydney Swans,1.0
1984,Carlton Blues,0.5238095238095238
1984,Collingwood Magpies,0.5909090909090909
1984,Essendon Bombers,0.782608695652174
1984,Fitzroy Lions,0.45
1984,Geelong Cats,0.5
1984,Hawthorn Hawks,0.75
1984,Melbourne Demons,0.4090909090909091
1984,North Melbourne Kangaroos,0.2
1984,Richmond Tigers,0.45454545454545453
1984,St Kilda Saints,0.23809523809523808
1984,Sydney Swans,0.35
1984,W. Bulldogs,0.7272727272727273
1984,Western Bulldogs,0.2727272727272727
1984,carlton blues,0.6666666666666666
1984,collingwood magpies,0.6666666666666666
1984,essendon bombers,1.0
1984,fitzroy lions,1.0
1984,geelong cats,0.0
1984,north melbourne kangaroos,0.0
1984,st kilda saints,0.0
1984,sydney swans,1.0
1985,	Carlton Blues,0.5
1985,	Richmond Tigers,1.0
1985,	Sydney Swans,0.0
1985,Carlton Blues,0.65
1985,Collingwood Magpies,0.45
1985,Essendon Bombers,0.8695652173913043
1985,Fitzroy Lions,0.3333333333333333
1985,Geelong Cats,0.5454545454545454
1985,Hawthorn Hawks,0.68
1985,Melbourne Demons,0.2727272727272727
1985,North Melbourne Kangaroos,0.5833333333333334
1985,Richmond Tigers,0.4
1985,St Kilda Saints,0.14285714285714285
1985,Sydney Swans,0.3
1985,W. Bulldogs,0.9166666666666666
1985,Western Bulldogs,0.5
1985,carlton blues,1.0
1985,collingwood magpies,0.5
1985,essendon bombers,1.0
1985,fitzroy lions,0.0
1985,hawthorn hawks,0.0
1985,richmond tigers,0.0
1985,st kilda saints,0.0
1985,sydney swans,0.0
1985,western bulldogs,0.0
1986,	Collingwood Magpies,0.0
1986,	Essendon Bombers,1.0
1986,	Melbourne Demons,1.0
1986,	Richmond Tigers,1.0
1986,Carlton Blues,0.7272727272727273
1986,Collingwood Magpies,0.631578947368421
1986,Essendon Bombers,0.47619047619047616
1986,Fitzroy Lions,0.6
1986,Geelong Cats,0.3684210526315789
1986,Hawthorn Hawks,0.782608695652174
1986,Melbourne Demons,0.3
1986,North Melbourne Kangaroos,0.631578947368421
1986,Richmond Tigers,0.2777777777777778
1986,St Kilda Saints,0.11764705882352941
1986,Sydney Swans,0.6818181818181818
1986,W. Bulldogs,0.7272727272727273
1986,Western Bulldogs,0.2727272727272727
1986,carlton blues,0.3333333333333333
1986,collingwood magpies,0.0
1986,essendon bombers,1.0
1986,geelong cats,0.0
1986,hawthorn hawks,1.0
1986,melbourne demons,0.0
1986,north melbourne kangaroos,0.0
1986,richmond tigers,0.3333333333333333
1986,st kilda saints,0.0
1986,sydney swans,0.5
1987,	Collingwood Magpies,1.0
1987,	Fitzroy Lions,0.5
1987,	Geelong Cats,1.0
1987,	North Melbourne Kangaroos,1.0
1987,	W. Bulldogs,1.0
1987,	West Coast Eagles,1.0
1987,Brisbane Bears,0.25
1987,Carlton Blues,0.8
1987,Collingwood Magpies,0.2857142857142857
1987,Essendon Bombers,0.4090909090909091
1987,Fitzroy Lions,0.3888888888888889
1987,Geelong Cats,0.47058823529411764
1987,Hawthorn Hawks,0.7391304347826086
1987,Melbourne Demons,0.5833333333333334
1987,North Melbourne Kangaroos,0.5555555555555556
1987,Richmond Tigers,0.22727272727272727
1987,St Kilda Saints,0.42105263157894735
1987,Sydney Swans,0.6
1987,W. Bulldogs,0.5454545454545454
1987,West Coast Eagles,0.5
1987,Western Bulldogs,0.5
1987,brisbane bears,0.5
1987,carlton blues,1.0
1987,fitzroy lions,0.0
1987,geelong cats,0.3333333333333333
1987,hawthorn hawks,0.6666666666666666
1987,melbourne demons,0.0
1987,north melbourne kangaroos,0.5
1987,st kilda saints,0.3333333333333333
1987,sydney swans,0.75
1987,west coast eagles,0.3333333333333333
1987,western bulldogs,0.0
1988,	Carlton Blues,1.0
1988,	Collingwood Magpies,0.0
1988,	Fitzroy Lions,1.0
1988,	Melbourne Demons,1.0
1988,	Sydney Swans,1.0
1988,	West Coast Eagles,1.0
1988,Brisbane Bears,0.3181818181818182
1988,Carlton Blues,0.6363636363636364
1988,Collingwood Magpies,0.6190476190476191
1988,Essendon Bombers,0.5789473684210527
1988,Fitzroy Lions,0.3
1988,Geelong Cats,0.47368421052631576
1988,Hawthorn Hawks,0.875
1988,Melbourne Demons,0.5833333333333334
1988,North Melbourne Kangaroos,0.3333333333333333
1988,Richmond Tigers,0.36363636363636365
1988,St Kilda Saints,0.19047619047619047
1988,Sydney Swans,0.5238095238095238
1988,W. Bulldogs,0.6363636363636364
1988,West Coast Eagles,0.47368421052631576
1988,Western Bulldogs,0.4
1988,carlton blues,0.5
1988,collingwood magpies,1.0
1988,essendon bombers,0.3333333333333333
1988,fitzroy lions,0.0
1988,geelong cats,0.3333333333333333
1988,melbourne demons,1.0
1988,north melbourne kangaroos,0.0
1988,st kilda saints,0.0
1988,west coast eagles,1.0
1988,western bulldogs,0.0
1989,	Brisbane Bears,1.0
1989,	Carlton Blues,1.0
1989,	Collingwood Magpies,1.0
1989,	Essendon Bombers,0.0
1989,	Geelong Cats,1.0
1989,	Hawthorn Hawks,1.0
1989,	Richmond Tigers,0.0
1989,	W. Bulldogs,1.0
1989,	West Coast Eagles,1.0
1989,Brisbane Bears,0.3157894736842105
1989,Carlton Blues,0.3157894736842105
1989,Collingwood Magpies,0.5625
1989,Essendon Bombers,0.75
1989,Fitzroy Lions,0.5454545454545454
1989,Geelong Cats,0.7083333333333334
1989,Hawthorn Hawks,0.8695652173913043
1989,Melbourne Demons,0.6363636363636364
1989,North Melbourne Kangaroos,0.42105263157894735
1989,Richmond Tigers,0.2631578947368421
1989,St Kilda Saints,0.3684210526315789
1989,Sydney Swans,0.5238095238095238
1989,W. Bulldogs,0.4
1989,West Coast Eagles,0.3333333333333333
1989,Western Bulldogs,0.125
1989,brisbane bears,0.5
1989,carlton blues,1.0
1989,collingwood magpies,0.4
1989,geelong cats,0.0
1989,melbourne demons,0.5
1989,north melbourne kangaroos,0.3333333333333333
1989,richmond tigers,0.0
1989,st kilda saints,0.0
1989,sydney swans,0.0
1989,west coast eagles,0.0
1989,western bulldogs,0.0
1990,	Brisbane Bears,0.3333333333333333
1990,	Carlton Blues,1.0
1990,	Geelong Cats,0.5
1990,	North Melbourne Kangaroos,0.0
1990,	Richmond Tigers,1.0
1990,	St Kilda Saints,1.0
1990,	Sydney Swans,0.0
1990,Brisbane Bears,0.16666666666666666
1990,Carlton Blues,0.5294117647058824
1990,Collingwood Magpies,0.7307692307692307
1990,Essendon Bombers,0.75
1990,Fitzroy Lions,0.3181818181818182
1990,Geelong Cats,0.3684210526315789
1990,Hawthorn Hawks,0.6666666666666666
1990,Melbourne Demons,0.6956521739130435
1990,North Melbourne Kangaroos,0.6
1990,Richmond Tigers,0.3333333333333333
1990,St Kilda Saints,0.3684210526315789
1990,Sydney Swans,0.21052631578947367
1990,W. Bulldogs,0.45454545454545453
1990,West Coast Eagles,0.7391304347826086
1990,Western Bulldogs,0.6
1990,brisbane bears,0.0
1990,carlton blues,0.25
1990,essendon bombers,0.0
1990,geelong cats,0.0
1990,hawthorn hawks,0.0
1990,melbourne demons,1.0
1990,north melbourne kangaroos,0.0
1990,richmond tigers,0.0
1990,st kilda saints,0.5
1990,sydney swans,0.5
1990,west coast eagles,0.0
1990,western bulldogs,1.0
1991,	 Adelaide Crows ,1.0
1991,	Carlton Blues,0.0
1991,	Hawthorn Hawks,1.0
1991,	Melbourne Demons,0.5
1991,	Richmond Tigers,1.0
1991,	West Coast Eagles,1.0
1991, Adelaide Crows ,0.5555555555555556
1991,Adelaide Crows,0.2222222222222222
1991,Brisbane Bears,0.15
1991,Carlton Blues,0.42105263157894735
1991,Collingwood Magpies,0.6111111111111112
1991,Essendon Bombers,0.631578947368421
1991,Fitzroy Lions,0.18181818181818182
1991,Geelong Cats,0.6956521739130435
1991,Hawthorn Hawks,0.7619047619047619
1991,Melbourne Demons,0.6190476190476191
1991,North Melbourne Kangaroos,0.5454545454545454
1991,Richmond Tigers,0.2631578947368421
1991,St Kilda Saints,0.65
1991,Sydney Swans,0.3181818181818182
1991,W. Bulldogs,0.6363636363636364
1991,West Coast Eagles,0.782608695652174
1991,Western Bulldogs,0.18181818181818182
1991,adelaide crows,0.5
1991,brisbane bears,0.0
1991,carlton blues,0.0
1991,collingwood magpies,0.25
1991,essendon bombers,0.25
1991,geelong cats,0.5
1991,hawthorn hawks,0.5
1991,melbourne demons,0.0
1991,richmond tigers,0.5
1991,st kilda saints,0.3333333333333333
1991,west coast eagles,1.0
1992,	Fitzroy Lions,1.0
1992,	Hawthorn Hawks,1.0
1992,	Melbourne Demons,1.0
1992,	North Melbourne Kangaroos,1.0
1992,	Richmond Tigers,0.0
1992,	St Kilda Saints,1.0
1992,	Sydney Swans,0.0
1992,	West Coast Eagles,1.0
1992, Adelaide Crows ,0.6363636363636364
1992,Adelaide Crows,0.36363636363636365
1992,Brisbane Bears,0.21052631578947367
1992,Carlton Blues,0.6190476190476191
1992,Collingwood Magpies,0.7272727272727273
1992,Essendon Bombers,0.5454545454545454
1992,Fitzroy Lions,0.42105263157894735
1992,Geelong Cats,0.782608695652174
1992,Hawthorn Hawks,0.5714285714285714
1992,Melbourne Demons,0.3
1992,North Melbourne Kangaroos,0.2857142857142857
1992,Richmond Tigers,0.2777777777777778
1992,St Kilda Saints,0.5909090909090909
1992,Sydney Swans,0.14285714285714285
1992,W. Bulldogs,0.9166666666666666
1992,West Coast Eagles,0.7142857142857143
1992,Western Bulldogs,0.4444444444444444
1992,brisbane bears,0.0
1992,carlton blues,1.0
1992,collingwood magpies,0.0
1992,fitzroy lions,0.0
1992,geelong cats,0.0
1992,hawthorn hawks,1.0
1992,melbourne demons,0.0
1992,richmond tigers,0.0
1992,st kilda saints,1.0
1992,west coast eagles,0.5
1992,western bulldogs,0.5
1993,	 Adelaide Crows ,1.0
1993,	Brisbane Bears,0.0
1993,	Carlton Blues,0.5
1993,	Collingwood Magpies,0.5
1993,	Richmond Tigers,0.0
1993,	St Kilda Saints,0.0
1993,	West Coast Eagles,1.0
1993, Adelaide Crows ,0.875
1993,Adelaide Crows,0.3
1993,Brisbane Bears,0.2222222222222222
1993,Carlton Blues,0.7
1993,Collingwood Magpies,0.5555555555555556
1993,Essendon Bombers,0.65
1993,Fitzroy Lions,0.4666666666666667
1993,Geelong Cats,0.6
1993,Hawthorn Hawks,0.6
1993,Melbourne Demons,0.5555555555555556
1993,North Melbourne Kangaroos,0.6190476190476191
1993,Richmond Tigers,0.2222222222222222
1993,St Kilda Saints,0.5263157894736842
1993,Sydney Swans,0.05555555555555555
1993,W. Bulldogs,0.6
1993,West Coast Eagles,0.5263157894736842
1993,Western Bulldogs,0.5
1993,adelaide crows,0.0
1993,brisbane bears,0.0
1993,carlton blues,0.0
1993,essendon bombers,0.75
1993,fitzroy lions,0.6
1993,hawthorn hawks,1.0
1993,melbourne demons,0.0
1993,richmond tigers,0.0
1993,sydney swans,0.0
1993,west coast eagles,1.0
1994,	 Adelaide Crows ,1.0
1994,	Brisbane Bears,0.6666666666666666
1994,	Essendon Bombers,1.0
1994,	Fitzroy Lions,0.0
1994,	Geelong Cats,1.0
1994,	Melbourne Demons,0.0
1994,	North Melbourne Kangaroos,1.0
1994,	W. Bulldogs,1.0
1994,	West Coast Eagles,1.0
1994, Adelaide Crows ,0.6
1994,Adelaide Crows,0.18181818181818182
1994,Brisbane Bears,0.375
1994,Carlton Blues,0.6818181818181818
1994,Collingwood Magpies,0.5
1994,Essendon Bombers,0.47619047619047616
1994,Fitzroy Lions,0.25
1994,Geelong Cats,0.6
1994,Hawthorn Hawks,0.5263157894736842
1994,Melbourne Demons,0.5833333333333334
1994,North Melbourne Kangaroos,0.5909090909090909
1994,Richmond Tigers,0.5789473684210527
1994,St Kilda Saints,0.3333333333333333
1994,Sydney Swans,0.2
1994,W. Bulldogs,0.8
1994,West Coast Eagles,0.7727272727272727
1994,Western Bulldogs,0.4
1994,brisbane bears,0.3333333333333333
1994,carlton blues,0.0
1994,collingwood magpies,1.0
1994,fitzroy lions,0.0
1994,hawthorn hawks,0.75
1994,north melbourne kangaroos,0.0
1994,richmond tigers,0.3333333333333333
1994,st kilda saints,0.0
1994,sydney swans,0.0
1994,west coast eagles,0.5
1994,western bulldogs,0.0
1995,	 Adelaide Crows ,0.0
1995,	Brisbane Bears,1.0
1995,	Carlton Blues,1.0
1995,	Essendon Bombers,1.0
1995,	Fremantle Dockers,0.0
1995,	Geelong Cats,1.0
1995,	Melbourne Demons,0.0
1995,	North Melbourne Kangaroos,1.0
1995,	Richmond Tigers,1.0
1995,	St Kilda Saints,0.0
1995,	Sydney Swans,1.0
1995, Adelaide Crows ,0.7
1995,Adelaide Crows,0.2
1995,Brisbane Bears,0.42105263157894735
1995,Carlton Blues,0.9130434782608695
1995,Collingwood Magpies,0.36363636363636365
1995,Essendon Bombers,0.6190476190476191
1995,Fitzroy Lions,0.09090909090909091
1995,Fremantle Dockers,0.3888888888888889
1995,Geelong Cats,0.6956521739130435
1995,Hawthorn Hawks,0.3181818181818182
1995,Melbourne Demons,0.4117647058823529
1995,North Melbourne Kangaroos,0.625
1995,Richmond Tigers,0.6363636363636364
1995,St Kilda Saints,0.35
1995,Sydney Swans,0.3157894736842105
1995,W. Bulldogs,0.6666666666666666
1995,West Coast Eagles,0.6190476190476191
1995,Western Bulldogs,0.3076923076923077
1995,adelaide crows,0.0
1995,brisbane bears,0.0
1995,carlton blues,1.0
1995,essendon bombers,0.5
1995,fremantle dockers,0.3333333333333333
1995,geelong cats,1.0
1995,melbourne demons,0.5
1995,richmond tigers,0.5
1995,st kilda saints,1.0
1995,sydney swans,0.5
1995,west coast eagles,0.3333333333333333
1995,western bulldogs,1.0
1996,	Collingwood Magpies,0.0
1996,	Melbourne Demons,1.0
1996,	North Melbourne Kangaroos,0.5
1996,	St Kilda Saints,1.0
1996,	Sydney Swans,1.0
1996,	West Coast Eagles,1.0
1996, Adelaide Crows ,0.6363636363636364
1996,Adelaide Crows,0.1
1996,Brisbane Bears,0.68
1996,Carlton Blues,0.6521739130434783
1996,Collingwood Magpies,0.42857142857142855
1996,Essendon Bombers,0.6
1996,Fitzroy Lions,0.045454545454545456
1996,Fremantle Dockers,0.3181818181818182
1996,Geelong Cats,0.5909090909090909
1996,Hawthorn Hawks,0.47619047619047616
1996,Melbourne Demons,0.3
1996,North Melbourne Kangaroos,0.7727272727272727
1996,Richmond Tigers,0.55
1996,St Kilda Saints,0.4444444444444444
1996,Sydney Swans,0.6956521739130435
1996,W. Bulldogs,0.5714285714285714
1996,West Coast Eagles,0.65
1996,Western Bulldogs,0.07692307692307693
1996,adelaide crows,0.0
1996,carlton blues,0.0
1996,geelong cats,0.0
1996,hawthorn hawks,0.5
1996,melbourne demons,0.0
1996,north melbourne kangaroos,1.0
1996,richmond tigers,0.0
1996,st kilda saints,0.3333333333333333
1996,sydney swans,1.0
1996,west coast eagles,0.6666666666666666
1996,western bulldogs,0.0
1997,	 Adelaide Crows ,1.0
1997,	Collingwood Magpies,1.0
1997,	Geelong Cats,0.0
1997,	Hawthorn Hawks,1.0
1997,	Melbourne Demons,0.0
1997,	Richmond Tigers,1.0
1997,	St Kilda Saints,0.0
1997,	Sydney Swans,1.0
1997,	W. Bulldogs,1.0
1997,	West Coast Eagles,1.0
1997, Adelaide Crows ,0.7857142857142857
1997,Adelaide Crows,0.5555555555555556
1997,Brisbane Lions,0.4090909090909091
1997,Carlton Blues,0.47619047619047616
1997,Collingwood Magpies,0.45
1997,Essendon Bombers,0.4
1997,Fremantle Dockers,0.47619047619047616
1997,Geelong Cats,0.6666666666666666
1997,Hawthorn Hawks,0.3
1997,Melbourne Demons,0.2
1997,North Melbourne Kangaroos,0.5416666666666666
1997,Port Adelaide Power,0.47368421052631576
1997,Richmond Tigers,0.4444444444444444
1997,St Kilda Saints,0.7727272727272727
1997,Sydney Swans,0.5238095238095238
1997,W. Bulldogs,0.5
1997,West Coast Eagles,0.5454545454545454
1997,Western Bulldogs,0.6666666666666666
1997,adelaide crows,0.0
1997,brisbane lions,1.0
1997,carlton blues,0.0
1997,collingwood magpies,0.0
1997,essendon bombers,0.5
1997,fremantle dockers,0.0
1997,geelong cats,0.5
1997,hawthorn hawks,1.0
1997,melbourne demons,0.0
1997,north melbourne kangaroos,1.0
1997,port adelaide power,0.3333333333333333
1997,richmond tigers,0.3333333333333333
1997,st kilda saints,0.0
1997,sydney swans,0.0
1997,west coast eagles,0.0
1997,western bulldogs,1.0
1998,	 Adelaide Crows ,0.0
1998,	Carlton Blues,1.0
1998,	Essendon Bombers,1.0
1998,	Melbourne Demons,1.0
1998,	Sydney Swans,1.0
1998,	W. Bulldogs,1.0
1998,	West Coast Eagles,0.0
1998, Adelaide Crows ,0.8461538461538461
1998,Adelaide Crows,0.36363636363636365
1998,Brisbane Lions,0.2
1998,Carlton Blues,0.3684210526315789
1998,Collingwood Magpies,0.3684210526315789
1998,Essendon Bombers,0.5
1998,Fremantle Dockers,0.3181818181818182
1998,Geelong Cats,0.4
1998,Hawthorn Hawks,0.36363636363636365
1998,Melbourne Demons,0.625
1998,North Melbourne Kangaroos,0.7727272727272727
1998,Port Adelaide Power,0.42857142857142855
1998,Richmond Tigers,0.631578947368421
1998,St Kilda Saints,0.5
1998,Sydney Swans,0.6086956521739131
1998,W. Bulldogs,0.9
1998,West Coast Eagles,0.5294117647058824
1998,Western Bulldogs,0.4166666666666667
1998,adelaide crows,1.0
1998,brisbane lions,0.5
1998,carlton blues,0.5
1998,collingwood magpies,0.0
1998,essendon bombers,0.5
1998,geelong cats,0.5
1998,north melbourne kangaroos,0.3333333333333333
1998,port adelaide power,0.0
1998,richmond tigers,0.0
1998,st kilda saints,1.0
1998,west coast eagles,0.6
1999,	Essendon Bombers,1.0
1999,	North Melbourne Kangaroos,1.0
1999,	Port Adelaide Power,1.0
1999,	St Kilda Saints,0.0
1999,	Sydney Swans,1.0
1999,	W. Bulldogs,1.0
1999, Adelaide Crows ,0.5454545454545454
1999,Adelaide Crows,0.125
1999,Brisbane Lions,0.6956521739130435
1999,Carlton Blues,0.5217391304347826
1999,Collingwood Magpies,0.2
1999,Essendon Bombers,0.8181818181818182
1999,Fremantle Dockers,0.23809523809523808
1999,Geelong Cats,0.42857142857142855
1999,Hawthorn Hawks,0.5
1999,Melbourne Demons,0.3
1999,North Melbourne Kangaroos,0.8181818181818182
1999,Port Adelaide Power,0.47368421052631576
1999,Richmond Tigers,0.45
1999,St Kilda Saints,0.47619047619047616
1999,Sydney Swans,0.45454545454545453
1999,W. Bulldogs,0.625
1999,West Coast Eagles,0.5217391304347826
1999,Western Bulldogs,0.6153846153846154
1999,adelaide crows,0.3333333333333333
1999,brisbane lions,1.0
1999,carlton blues,0.6666666666666666
1999,collingwood magpies,0.0
1999,essendon bombers,0.0
1999,fremantle dockers,0.0
1999,geelong cats,1.0
1999,hawthorn hawks,0.0
1999,melbourne demons,0.0
1999,north melbourne kangaroos,0.5
1999,port adelaide power,0.5
1999,richmond tigers,0.0
1999,west coast eagles,1.0
1999,western bulldogs,0.5
2000,	Brisbane Lions,1.0
2000,	Carlton Blues,0.0
2000,	Collingwood Magpies,1.0
2000,	Fremantle Dockers,0.5
2000,	Melbourne Demons,1.0
2000,	Port Adelaide Power,0.0
2000, Adelaide Crows ,0.5833333333333334
2000,Adelaide Crows,0.3333333333333333
2000,Brisbane Lions,0.5217391304347826
2000,Carlton Blues,0.8
2000,Collingwood Magpies,0.2631578947368421
2000,Essendon Bombers,0.9545454545454546
2000,Fremantle Dockers,0.3684210526315789
2000,Geelong Cats,0.45
2000,Hawthorn Hawks,0.5454545454545454
2000,Melbourne Demons,0.6666666666666666
2000,North Melbourne Kangaroos,0.6521739130434783
2000,Port Adelaide Power,0.35
2000,Richmond Tigers,0.5238095238095238
2000,St Kilda Saints,0.1
2000,Sydney Swans,0.45454545454545453
2000,W. Bulldogs,0.5833333333333334
2000,West Coast Eagles,0.3684210526315789
2000,Western Bulldogs,0.4
2000,adelaide crows,0.0
2000,carlton blues,0.25
2000,collingwood magpies,0.5
2000,essendon bombers,1.0
2000,fremantle dockers,0.0
2000,geelong cats,1.0
2000,hawthorn hawks,0.5
2000,melbourne demons,0.3333333333333333
2000,north melbourne kangaroos,0.0
2000,port adelaide power,0.0
2000,richmond tigers,0.0
2000,st kilda saints,0.0
2000,west coast eagles,0.0
2000,western bulldogs,1.0
2001,	Carlton Blues,1.0
2001,	Collingwood Magpies,1.0
2001,	Essendon Bombers,1.0
2001,	Fremantle Dockers,0.0
2001,	North Melbourne Kangaroos,0.0
2001,	Port Adelaide Power,1.0
2001,	Richmond Tigers,1.0
2001,	W. Bulldogs,0.0
2001, Adelaide Crows ,0.5833333333333334
2001,Adelaide Crows,0.5
2001,Brisbane Lions,0.8
2001,Carlton Blues,0.6
2001,Collingwood Magpies,0.4117647058823529
2001,Essendon Bombers,0.8421052631578947
2001,Fremantle Dockers,0.1111111111111111
2001,Geelong Cats,0.42857142857142855
2001,Hawthorn Hawks,0.6086956521739131
2001,Melbourne Demons,0.42857142857142855
2001,North Melbourne Kangaroos,0.45
2001,Port Adelaide Power,0.6842105263157895
2001,Richmond Tigers,0.6086956521739131
2001,St Kilda Saints,0.19047619047619047
2001,Sydney Swans,0.5454545454545454
2001,W. Bulldogs,0.2222222222222222
2001,West Coast Eagles,0.25
2001,Western Bulldogs,0.75
2001,adelaide crows,0.0
2001,carlton blues,0.6666666666666666
2001,collingwood magpies,0.6666666666666666
2001,essendon bombers,0.25
2001,fremantle dockers,0.0
2001,geelong cats,0.0
2001,hawthorn hawks,0.5
2001,melbourne demons,1.0
2001,north melbourne kangaroos,0.0
2001,port adelaide power,0.5
2001,st kilda saints,0.0
2001,sydney swans,0.0
2001,west coast eagles,0.0
2001,western bulldogs,0.5
2002,	 Adelaide Crows ,1.0
2002,	Brisbane Lions,1.0
2002,	Collingwood Magpies,1.0
2002,	Geelong Cats,0.0
2002,	Melbourne Demons,0.0
2002,	North Melbourne Kangaroos,1.0
2002,	Sydney Swans,0.6666666666666666
2002, Adelaide Crows ,0.8333333333333334
2002,Adelaide Crows,0.4166666666666667
2002,Brisbane Lions,0.8571428571428571
2002,Carlton Blues,0.10526315789473684
2002,Collingwood Magpies,0.5714285714285714
2002,Essendon Bombers,0.5238095238095238
2002,Fremantle Dockers,0.42857142857142855
2002,Geelong Cats,0.5882352941176471
2002,Hawthorn Hawks,0.5238095238095238
2002,Melbourne Demons,0.55
2002,North Melbourne Kangaroos,0.55
2002,Port Adelaide Power,0.7916666666666666
2002,Richmond Tigers,0.3333333333333333
2002,St Kilda Saints,0.22727272727272727
2002,Sydney Swans,0.35294117647058826
2002,W. Bulldogs,0.4166666666666667
2002,West Coast Eagles,0.55
2002,Western Bulldogs,0.42857142857142855
2002,brisbane lions,0.3333333333333333
2002,carlton blues,0.3333333333333333
2002,collingwood magpies,0.6666666666666666
2002,essendon bombers,0.6666666666666666
2002,fremantle dockers,0.0
2002,geelong cats,0.25
2002,hawthorn hawks,0.0
2002,melbourne demons,1.0
2002,north melbourne kangaroos,0.0
2002,port adelaide power,0.0
2002,richmond tigers,0.0
2002,sydney swans,0.5
2002,west coast eagles,0.0
2002,western bulldogs,0.3333333333333333
2003,	 Adelaide Crows ,1.0
2003,	Carlton Blues,0.0
2003,	Essendon Bombers,1.0
2003,	Geelong Cats,0.0
2003,	North Melbourne Kangaroos,0.0
2003,	St Kilda Saints,1.0
2003,	Sydney Swans,1.0
2003,	West Coast Eagles,0.0
2003, Adelaide Crows ,0.7
2003,Adelaide Crows,0.4
2003,Brisbane Lions,0.6521739130434783
2003,Carlton Blues,0.2
2003,Collingwood Magpies,0.6956521739130435
2003,Essendon Bombers,0.5714285714285714
2003,Fremantle Dockers,0.5909090909090909
2003,Geelong Cats,0.3333333333333333
2003,Hawthorn Hawks,0.5454545454545454
2003,Melbourne Demons,0.23809523809523808
2003,North Melbourne Kangaroos,0.55
2003,Port Adelaide Power,0.782608695652174
2003,Richmond Tigers,0.3333333333333333
2003,St Kilda Saints,0.47619047619047616
2003,Sydney Swans,0.6363636363636364
2003,W. Bulldogs,0.16666666666666666
2003,West Coast Eagles,0.5454545454545454
2003,Western Bulldogs,0.14285714285714285
2003,adelaide crows,0.5
2003,brisbane lions,0.6666666666666666
2003,carlton blues,0.0
2003,collingwood magpies,0.5
2003,essendon bombers,0.5
2003,fremantle dockers,1.0
2003,geelong cats,0.5
2003,melbourne demons,0.0
2003,north melbourne kangaroos,0.0
2003,port adelaide power,0.5
2003,richmond tigers,0.25
2003,sydney swans,0.0
2003,western bulldogs,0.0
2004,	Collingwood Magpies,0.0
2004,	Essendon Bombers,0.0
2004,	Hawthorn Hawks,0.0
2004,	Port Adelaide Power,1.0
2004,	Richmond Tigers,0.0
2004,	Sydney Swans,1.0
2004,	W. Bulldogs,0.5
2004, Adelaide Crows ,0.45454545454545453
2004,Adelaide Crows,0.2727272727272727
2004,Brisbane Lions,0.782608695652174
2004,Carlton Blues,0.4
2004,Collingwood Magpies,0.38095238095238093
2004,Essendon Bombers,0.5263157894736842
2004,Fremantle Dockers,0.47619047619047616
2004,Geelong Cats,0.75
2004,Hawthorn Hawks,0.21052631578947367
2004,Melbourne Demons,0.5909090909090909
2004,North Melbourne Kangaroos,0.45454545454545453
2004,Port Adelaide Power,0.8260869565217391
2004,Richmond Tigers,0.21052631578947367
2004,St Kilda Saints,0.6956521739130435
2004,Sydney Swans,0.6
2004,W. Bulldogs,0.1111111111111111
2004,West Coast Eagles,0.5909090909090909
2004,Western Bulldogs,0.375
2004,brisbane lions,0.0
2004,carlton blues,1.0
2004,essendon bombers,0.75
2004,fremantle dockers,1.0
2004,geelong cats,0.2
2004,hawthorn hawks,0.0
2004,melbourne demons,1.0
2004,port adelaide power,0.0
2004,richmond tigers,0.0
2004,st kilda saints,0.5
2004,sydney swans,0.3333333333333333
2004,west coast eagles,0.0
2004,western bulldogs,0.0
2005,	Brisbane Lions,0.5
2005,	Collingwood Magpies,0.0
2005,	Essendon Bombers,0.5
2005,	Fremantle Dockers,1.0
2005,	Geelong Cats,1.0
2005,	Melbourne Demons,1.0
2005,	North Melbourne Kangaroos,1.0
2005,	Port Adelaide Power,1.0
2005,	Richmond Tigers,1.0
2005,	W. Bulldogs,0.0
2005,	West Coast Eagles,1.0
2005, Adelaide Crows ,0.7692307692307693
2005,Adelaide Crows,0.6
2005,Brisbane Lions,0.45
2005,Carlton Blues,0.2222222222222222
2005,Collingwood Magpies,0.2631578947368421
2005,Essendon Bombers,0.4117647058823529
2005,Fremantle Dockers,0.5
2005,Geelong Cats,0.5217391304347826
2005,Hawthorn Hawks,0.22727272727272727
2005,Melbourne Demons,0.55
2005,North Melbourne Kangaroos,0.5
2005,Port Adelaide Power,0.45
2005,Richmond Tigers,0.4
2005,St Kilda Saints,0.6521739130434783
2005,Sydney Swans,0.7391304347826086
2005,W. Bulldogs,0.7
2005,West Coast Eagles,0.8
2005,Western Bulldogs,0.36363636363636365
2005,adelaide crows,1.0
2005,carlton blues,0.0
2005,collingwood magpies,0.0
2005,essendon bombers,0.0
2005,fremantle dockers,0.3333333333333333
2005,melbourne demons,0.0
2005,north melbourne kangaroos,1.0
2005,port adelaide power,0.6666666666666666
2005,richmond tigers,1.0
2005,st kilda saints,0.0
2005,sydney swans,0.3333333333333333
2005,west coast eagles,0.5
2006,	 Adelaide Crows ,1.0
2006,	Collingwood Magpies,0.6666666666666666
2006,	Geelong Cats,0.0
2006,	Port Adelaide Power,1.0
2006,	Richmond Tigers,1.0
2006,	Sydney Swans,0.5
2006,	West Coast Eagles,1.0
2006, Adelaide Crows ,0.75
2006,Adelaide Crows,0.6
2006,Brisbane Lions,0.3333333333333333
2006,Carlton Blues,0.14285714285714285
2006,Collingwood Magpies,0.5789473684210527
2006,Essendon Bombers,0.14285714285714285
2006,Fremantle Dockers,0.75
2006,Geelong Cats,0.45
2006,Hawthorn Hawks,0.4
2006,Melbourne Demons,0.6190476190476191
2006,North Melbourne Kangaroos,0.3181818181818182
2006,Port Adelaide Power,0.3684210526315789
2006,Richmond Tigers,0.47368421052631576
2006,St Kilda Saints,0.5714285714285714
2006,Sydney Swans,0.6363636363636364
2006,W. Bulldogs,0.6363636363636364
2006,West Coast Eagles,0.7619047619047619
2006,Western Bulldogs,0.5454545454545454
2006,adelaide crows,1.0
2006,brisbane lions,0.0
2006,carlton blues,0.0
2006,collingwood magpies,1.0
2006,essendon bombers,0.0
2006,fremantle dockers,0.2
2006,geelong cats,1.0
2006,hawthorn hawks,0.5
2006,melbourne demons,0.3333333333333333
2006,port adelaide power,0.0
2006,richmond tigers,0.5
2006,st kilda saints,1.0
2006,sydney swans,1.0
2006,west coast eagles,0.75
2006,western bulldogs,0.5
2007,	 Adelaide Crows ,1.0
2007,	Brisbane Lions,0.0
2007,	Collingwood Magpies,1.0
2007,	Essendon Bombers,1.0
2007,	Fremantle Dockers,1.0
2007,	North Melbourne Kangaroos,1.0
2007,	Port Adelaide Power,1.0
2007,	Richmond Tigers,0.0
2007,	St Kilda Saints,1.0
2007,	Sydney Swans,1.0
2007,	W. Bulldogs,0.0
2007,	West Coast Eagles,1.0
2007, Adelaide Crows ,0.5
2007,Adelaide Crows,0.5
2007,Brisbane Lions,0.4444444444444444
2007,Carlton Blues,0.19047619047619047
2007,Collingwood Magpies,0.5454545454545454
2007,Essendon Bombers,0.4444444444444444
2007,Fremantle Dockers,0.5294117647058824
2007,Geelong Cats,0.8181818181818182
2007,Hawthorn Hawks,0.6086956521739131
2007,Melbourne Demons,0.23809523809523808
2007,North Melbourne Kangaroos,0.5909090909090909
2007,Port Adelaide Power,0.6818181818181818
2007,Richmond Tigers,0.15789473684210525
2007,St Kilda Saints,0.4117647058823529
2007,Sydney Swans,0.5555555555555556
2007,W. Bulldogs,0.5
2007,West Coast Eagles,0.65
2007,Western Bulldogs,0.36363636363636365
2007,brisbane lions,0.3333333333333333
2007,carlton blues,0.0
2007,collingwood magpies,0.5
2007,essendon bombers,0.3333333333333333
2007,fremantle dockers,0.0
2007,geelong cats,1.0
2007,hawthorn hawks,0.0
2007,melbourne demons,0.0
2007,north melbourne kangaroos,0.5
2007,port adelaide power,0.5
2007,richmond tigers,0.0
2007,st kilda saints,0.5
2007,sydney swans,0.25
2007,west coast eagles,0.6666666666666666
2008,	Carlton Blues,0.0
2008,	Fremantle Dockers,0.0
2008,	Geelong Cats,1.0
2008,	Hawthorn Hawks,1.0
2008,	Richmond Tigers,0.0
2008,	St Kilda Saints,0.0
2008,	Sydney Swans,0.0
2008, Adelaide Crows ,0.75
2008,Adelaide Crows,0.42857142857142855
2008,Brisbane Lions,0.5
2008,Carlton Blues,0.4117647058823529
2008,Collingwood Magpies,0.55
2008,Essendon Bombers,0.36363636363636365
2008,Fremantle Dockers,0.2777777777777778
2008,Geelong Cats,0.9166666666666666
2008,Hawthorn Hawks,0.782608695652174
2008,Melbourne Demons,0.15
2008,North Melbourne Kangaroos,0.5
2008,Port Adelaide Power,0.3684210526315789
2008,Richmond Tigers,0.55
2008,St Kilda Saints,0.7
2008,Sydney Swans,0.55
2008,W. Bulldogs,0.75
2008,West Coast Eagles,0.2
2008,Western Bulldogs,0.6
2008,adelaide crows,0.25
2008,brisbane lions,0.0
2008,carlton blues,0.75
2008,collingwood magpies,0.5
2008,fremantle dockers,0.3333333333333333
2008,melbourne demons,0.0
2008,north melbourne kangaroos,1.0
2008,port adelaide power,0.0
2008,richmond tigers,0.0
2008,st kilda saints,0.0
2008,sydney swans,0.6666666666666666
2008,west coast eagles,0.0
2008,western bulldogs,0.3333333333333333
2009,	 Adelaide Crows ,1.0
2009,	Collingwood Magpies,1.0
2009,	Essendon Bombers,0.5
2009,	Hawthorn Hawks,0.0
2009,	North Melbourne Kangaroos,0.0
2009,	Richmond Tigers,0.0
2009,	W. Bulldogs,1.0
2009, Adelaide Crows ,0.6
2009,Adelaide Crows,0.5833333333333334
2009,Brisbane Lions,0.5909090909090909
2009,Carlton Blues,0.5652173913043478
2009,Collingwood Magpies,0.6
2009,Essendon Bombers,0.5
2009,Fremantle Dockers,0.25
2009,Geelong Cats,0.8695652173913043
2009,Hawthorn Hawks,0.42105263157894735
2009,Melbourne Demons,0.15
2009,North Melbourne Kangaroos,0.3333333333333333
2009,Port Adelaide Power,0.4090909090909091
2009,Richmond Tigers,0.21052631578947367
2009,St Kilda Saints,0.8695652173913043
2009,Sydney Swans,0.3333333333333333
2009,W. Bulldogs,0.6363636363636364
2009,West Coast Eagles,0.36363636363636365
2009,Western Bulldogs,0.6153846153846154
2009,brisbane lions,0.5
2009,collingwood magpies,0.5
2009,essendon bombers,0.0
2009,fremantle dockers,0.5
2009,geelong cats,0.5
2009,hawthorn hawks,0.5
2009,melbourne demons,0.5
2009,north melbourne kangaroos,0.5
2009,richmond tigers,0.5
2009,st kilda saints,1.0
2009,sydney swans,1.0
2010,	 Adelaide Crows ,0.0
2010,	Carlton Blues,1.0
2010,	Essendon Bombers,0.0
2010,	Geelong Cats,0.0
2010,	Sydney Swans,1.0
2010, Adelaide Crows ,0.7
2010,Adelaide Crows,0.25
2010,Brisbane Lions,0.2631578947368421
2010,Carlton Blues,0.4
2010,Collingwood Magpies,0.7916666666666666
2010,Essendon Bombers,0.3333333333333333
2010,Fremantle Dockers,0.6190476190476191
2010,Geelong Cats,0.7619047619047619
2010,Hawthorn Hawks,0.5454545454545454
2010,Melbourne Demons,0.4
2010,North Melbourne Kangaroos,0.5263157894736842
2010,Port Adelaide Power,0.45
2010,Richmond Tigers,0.2631578947368421
2010,St Kilda Saints,0.5909090909090909
2010,Sydney Swans,0.5714285714285714
2010,W. Bulldogs,0.75
2010,West Coast Eagles,0.15789473684210525
2010,Western Bulldogs,0.5
2010,adelaide crows,0.0
2010,brisbane lions,0.6666666666666666
2010,carlton blues,1.0
2010,collingwood magpies,0.5
2010,essendon bombers,0.5
2010,fremantle dockers,0.3333333333333333
2010,geelong cats,0.6666666666666666
2010,hawthorn hawks,0.0
2010,melbourne demons,0.0
2010,north melbourne kangaroos,0.3333333333333333
2010,port adelaide power,0.5
2010,richmond tigers,0.3333333333333333
2010,st kilda saints,1.0
2010,sydney swans,0.5
2010,west coast eagles,0.3333333333333333
2010,western bulldogs,0.0
2011,	 Adelaide Crows ,0.5
2011,	Carlton Blues,1.0
2011,	Essendon Bombers,0.0
2011,	Gold Coast Suns,0.0
2011,	Melbourne Demons,0.0
2011,	Sydney Swans,0.0
2011,	West Coast Eagles,1.0
2011, Adelaide Crows ,0.4444444444444444
2011,Adelaide Crows,0.0
2011,Brisbane Lions,0.15789473684210525
2011,Carlton Blues,0.5714285714285714
2011,Collingwood Magpies,0.9090909090909091
2011,Essendon Bombers,0.5
2011,Fremantle Dockers,0.42857142857142855
2011,Geelong Cats,0.9130434782608695
2011,Gold Coast Suns,0.15789473684210525
2011,Hawthorn Hawks,0.8095238095238095
2011,Melbourne Demons,0.38095238095238093
2011,North Melbourne Kangaroos,0.47368421052631576
2011,Port Adelaide Power,0.15789473684210525
2011,Richmond Tigers,0.38095238095238093
2011,St Kilda Saints,0.5238095238095238
2011,Sydney Swans,0.5454545454545454
2011,W. Bulldogs,0.6363636363636364
2011,West Coast Eagles,0.7
2011,Western Bulldogs,0.2222222222222222
2011,adelaide crows,0.6666666666666666
2011,brisbane lions,0.3333333333333333
2011,carlton blues,1.0
2011,collingwood magpies,0.6666666666666666
2011,fremantle dockers,0.0
2011,geelong cats,0.5
2011,gold coast suns,0.0
2011,hawthorn hawks,0.5
2011,north melbourne kangaroos,0.3333333333333333
2011,port adelaide power,0.0
2011,richmond tigers,0.0
2011,st kilda saints,0.5
2011,sydney swans,1.0
2011,west coast eagles,0.5
2011,western bulldogs,0.0
2012,	Brisbane Lions,0.0
2012,	Collingwood Magpies,1.0
2012,	Essendon Bombers,0.0
2012,	Gold Coast Suns,1.0
2012,	Greater Western Sydney Giants,0.0
2012,	Melbourne Demons,0.5
2012,	W. Bulldogs,1.0
2012,	West Coast Eagles,0.0
2012, Adelaide Crows ,0.8461538461538461
2012,Adelaide Crows,0.7
2012,Brisbane Lions,0.45
2012,Carlton Blues,0.5238095238095238
2012,Collingwood Magpies,0.6
2012,Essendon Bombers,0.55
2012,Fremantle Dockers,0.6818181818181818
2012,Geelong Cats,0.6666666666666666
2012,Gold Coast Suns,0.1
2012,Greater Western Sydney Giants,0.11764705882352941
2012,Hawthorn Hawks,0.7272727272727273
2012,Melbourne Demons,0.15789473684210525
2012,North Melbourne Kangaroos,0.5909090909090909
2012,Port Adelaide Power,0.19047619047619047
2012,Richmond Tigers,0.47619047619047616
2012,St Kilda Saints,0.55
2012,Sydney Swans,0.7727272727272727
2012,W. Bulldogs,0.1
2012,West Coast Eagles,0.7619047619047619
2012,Western Bulldogs,0.2727272727272727
2012,adelaide crows,0.0
2012,brisbane lions,1.0
2012,carlton blues,0.0
2012,collingwood magpies,1.0
2012,essendon bombers,0.0
2012,fremantle dockers,0.0
2012,geelong cats,0.5
2012,gold coast suns,0.0
2012,greater western sydney giants,0.0
2012,hawthorn hawks,1.0
2012,melbourne demons,0.0
2012,north melbourne kangaroos,1.0
2012,port adelaide power,1.0
2012,richmond tigers,0.0
2012,st kilda saints,0.5
2012,sydney swans,0.6666666666666666
2012,west coast eagles,0.0
2013,	Carlton Blues,0.0
2013,	Collingwood Magpies,1.0
2013,	Geelong Cats,1.0
2013,	Gold Coast Suns,1.0
2013,	Hawthorn Hawks,1.0
2013,	West Coast Eagles,0.0
2013, Adelaide Crows ,0.45454545454545453
2013,Adelaide Crows,0.5555555555555556
2013,Brisbane Lions,0.5
2013,Carlton Blues,0.5263157894736842
2013,Collingwood Magpies,0.6
2013,Essendon Bombers,0.6
2013,Fremantle Dockers,0.7391304347826086
2013,Geelong Cats,0.8095238095238095
2013,Gold Coast Suns,0.35
2013,Greater Western Sydney Giants,0.045454545454545456
2013,Hawthorn Hawks,0.85
2013,Melbourne Demons,0.09523809523809523
2013,North Melbourne Kangaroos,0.45
2013,Port Adelaide Power,0.5652173913043478
2013,Richmond Tigers,0.65
2013,St Kilda Saints,0.19047619047619047
2013,Sydney Swans,0.6521739130434783
2013,W. Bulldogs,0.45454545454545453
2013,West Coast Eagles,0.3333333333333333
2013,Western Bulldogs,0.2727272727272727
2013,adelaide crows,0.0
2013,brisbane lions,0.0
2013,carlton blues,0.5
2013,collingwood magpies,0.5
2013,essendon bombers,1.0
2013,fremantle dockers,0.5
2013,geelong cats,0.3333333333333333
2013,gold coast suns,0.0
2013,hawthorn hawks,1.0
2013,melbourne demons,0.0
2013,north melbourne kangaroos,0.5
2013,port adelaide power,0.0
2013,richmond tigers,0.6666666666666666
2013,st kilda saints,1.0
2013,sydney swans,0.5
2013,west coast eagles,1.0
2014,	Brisbane Lions,0.0
2014,	Carlton Blues,1.0
2014,	Essendon Bombers,0.0
2014,	Gold Coast Suns,1.0
2014,	Hawthorn Hawks,1.0
2014,	North Melbourne Kangaroos,1.0
2014,	Port Adelaide Power,1.0
2014,	Richmond Tigers,0.0
2014,	St Kilda Saints,0.0
2014,	W. Bulldogs,0.0
2014, Adelaide Crows ,0.5454545454545454
2014,Adelaide Crows,0.42857142857142855
2014,Brisbane Lions,0.3333333333333333
2014,Carlton Blues,0.25
2014,Collingwood Magpies,0.5
2014,Essendon Bombers,0.5714285714285714
2014,Fremantle Dockers,0.6818181818181818
2014,Geelong Cats,0.6956521739130435
2014,Gold Coast Suns,0.42105263157894735
2014,Greater Western Sydney Giants,0.3157894736842105
2014,Hawthorn Hawks,0.8181818181818182
2014,Melbourne Demons,0.18181818181818182
2014,North Melbourne Kangaroos,0.6521739130434783
2014,Port Adelaide Power,0.6363636363636364
2014,Richmond Tigers,0.631578947368421
2014,St Kilda Saints,0.2
2014,Sydney Swans,0.75
2014,W. Bulldogs,0.3
2014,West Coast Eagles,0.47368421052631576
2014,Western Bulldogs,0.2222222222222222
2014,adelaide crows,0.5
2014,brisbane lions,0.5
2014,carlton blues,1.0
2014,essendon bombers,0.0
2014,fremantle dockers,0.5
2014,geelong cats,1.0
2014,gold coast suns,0.5
2014,greater western sydney giants,0.0
2014,hawthorn hawks,0.0
2014,north melbourne kangaroos,0.0
2014,port adelaide power,0.5
2014,richmond tigers,0.0
2014,st kilda saints,0.0
2014,sydney swans,1.0
2014,west coast eagles,0.6666666666666666
2014,western bulldogs,1.0
2015,	 Adelaide Crows ,0.5
2015,	Brisbane Lions,0.0
2015,	Carlton Blues,0.0
2015,	Fremantle Dockers,1.0
2015,	Geelong Cats,1.0
2015,	St Kilda Saints,0.0
2015,	W. Bulldogs,1.0
2015,	West Coast Eagles,1.0
2015, Adelaide Crows ,0.75
2015,Adelaide Crows,0.5454545454545454
2015,Brisbane Lions,0.2
2015,Carlton Blues,0.15789473684210525
2015,Collingwood Magpies,0.45454545454545453
2015,Essendon Bombers,0.25
2015,Fremantle Dockers,0.7272727272727273
2015,Geelong Cats,0.5555555555555556
2015,Gold Coast Suns,0.18181818181818182
2015,Greater Western Sydney Giants,0.5
2015,Hawthorn Hawks,0.6956521739130435
2015,Melbourne Demons,0.2857142857142857
2015,North Melbourne Kangaroos,0.6521739130434783
2015,Port Adelaide Power,0.5238095238095238
2015,Richmond Tigers,0.631578947368421
2015,St Kilda Saints,0.3333333333333333
2015,Sydney Swans,0.6818181818181818
2015,W. Bulldogs,0.7272727272727273
2015,West Coast Eagles,0.6956521739130435
2015,Western Bulldogs,0.375
2015,adelaide crows,0.5
2015,brisbane lions,0.0
2015,carlton blues,0.5
2015,essendon bombers,0.5
2015,fremantle dockers,1.0
2015,geelong cats,0.0
2015,hawthorn hawks,1.0
2015,melbourne demons,1.0
2015,north melbourne kangaroos,0.0
2015,port adelaide power,1.0
2015,richmond tigers,0.75
2015,st kilda saints,0.0
2015,sydney swans,0.5
2015,west coast eagles,1.0
2015,western bulldogs,0.6666666666666666
2016,	Carlton Blues,0.0
2016,	Fremantle Dockers,0.0
2016,	Geelong Cats,1.0
2016,	Gold Coast Suns,0.0
2016,	Melbourne Demons,0.5
2016,	Port Adelaide Power,0.5
2016,	St Kilda Saints,1.0
2016,	Sydney Swans,0.0
2016, Adelaide Crows ,0.8333333333333334
2016,Adelaide Crows,0.5555555555555556
2016,Brisbane Lions,0.10526315789473684
2016,Carlton Blues,0.35
2016,Collingwood Magpies,0.3684210526315789
2016,Essendon Bombers,0.15
2016,Fremantle Dockers,0.19047619047619047
2016,Geelong Cats,0.7391304347826086
2016,Gold Coast Suns,0.3157894736842105
2016,Greater Western Sydney Giants,0.7619047619047619
2016,Hawthorn Hawks,0.7272727272727273
2016,Melbourne Demons,0.47058823529411764
2016,North Melbourne Kangaroos,0.5238095238095238
2016,Port Adelaide Power,0.42105263157894735
2016,Richmond Tigers,0.38095238095238093
2016,St Kilda Saints,0.5238095238095238
2016,Sydney Swans,0.782608695652174
2016,W. Bulldogs,0.7272727272727273
2016,West Coast Eagles,0.6818181818181818
2016,Western Bulldogs,0.7857142857142857
2016,adelaide crows,0.6666666666666666
2016,brisbane lions,0.3333333333333333
2016,carlton blues,0.0
2016,collingwood magpies,0.6666666666666666
2016,essendon bombers,0.0
2016,gold coast suns,0.0
2016,greater western sydney giants,0.3333333333333333
2016,hawthorn hawks,0.5
2016,melbourne demons,0.3333333333333333
2016,north melbourne kangaroos,0.5
2016,port adelaide power,1.0
2016,richmond tigers,0.0
2016,sydney swans,1.0
2016,west coast eagles,1.0
2016,western bulldogs,0.0
2017,	Brisbane Lions,0.0
2017,	Collingwood Magpies,1.0
2017,	Fremantle Dockers,0.0
2017,	Geelong Cats,1.0
2017,	Gold Coast Suns,1.0
2017,	North Melbourne Kangaroos,0.0
2017,	Sydney Swans,1.0
2017, Adelaide Crows ,0.7142857142857143
2017,Adelaide Crows,0.5714285714285714
2017,Brisbane Lions,0.21052631578947367
2017,Carlton Blues,0.25
2017,Collingwood Magpies,0.35
2017,Essendon Bombers,0.5238095238095238
2017,Fremantle Dockers,0.4444444444444444
2017,Geelong Cats,0.625
2017,Gold Coast Suns,0.2222222222222222
2017,Greater Western Sydney Giants,0.6521739130434783
2017,Hawthorn Hawks,0.47619047619047616
2017,Melbourne Demons,0.5263157894736842
2017,North Melbourne Kangaroos,0.2777777777777778
2017,Port Adelaide Power,0.6666666666666666
2017,Richmond Tigers,0.72
2017,St Kilda Saints,0.55
2017,Sydney Swans,0.6363636363636364
2017,W. Bulldogs,0.6363636363636364
2017,West Coast Eagles,0.5454545454545454
2017,Western Bulldogs,0.3333333333333333
2017,adelaide crows,0.75
2017,brisbane lions,0.5
2017,carlton blues,0.5
2017,collingwood magpies,1.0
2017,essendon bombers,0.5
2017,fremantle dockers,0.0
2017,gold coast suns,0.3333333333333333
2017,greater western sydney giants,0.0
2017,hawthorn hawks,0.0
2017,melbourne demons,0.6666666666666666
2017,north melbourne kangaroos,0.3333333333333333
2017,port adelaide power,0.0
2017,st kilda saints,0.0
2017,sydney swans,0.0
2017,west coast eagles,0.5
2017,western bulldogs,0.5
2018,	Carlton Blues,0.0
2018,	Geelong Cats,1.0
2018,	Gold Coast Suns,0.0
2018,	Hawthorn Hawks,1.0
2018,	Sydney Swans,0.0
2018, Adelaide Crows ,0.7272727272727273
2018,Adelaide Crows,0.2222222222222222
2018,Brisbane Lions,0.2
2018,Carlton Blues,0.10526315789473684
2018,Collingwood Magpies,0.64
2018,Essendon Bombers,0.55
2018,Fremantle Dockers,0.36363636363636365
2018,Geelong Cats,0.5789473684210527
2018,Gold Coast Suns,0.19047619047619047
2018,Greater Western Sydney Giants,0.5652173913043478
2018,Hawthorn Hawks,0.6190476190476191
2018,Melbourne Demons,0.6521739130434783
2018,North Melbourne Kangaroos,0.5454545454545454
2018,Port Adelaide Power,0.5238095238095238
2018,Richmond Tigers,0.8181818181818182
2018,St Kilda Saints,0.2
2018,Sydney Swans,0.6842105263157895
2018,W. Bulldogs,0.45454545454545453
2018,West Coast Eagles,0.75
2018,Western Bulldogs,0.375
2018,adelaide crows,1.0
2018,brisbane lions,0.5
2018,carlton blues,0.0
2018,collingwood magpies,1.0
2018,essendon bombers,0.5
2018,geelong cats,0.3333333333333333
2018,greater western sydney giants,1.0
2018,hawthorn hawks,0.5
2018,melbourne demons,0.5
2018,port adelaide power,1.0
2018,richmond tigers,0.5
2018,st kilda saints,0.0
2018,sydney swans,0.5
2018,west coast eagles,1.0
2018,western bulldogs,0.0
2019,	Collingwood Magpies,1.0
2019,	Essendon Bombers,0.0
2019,	Fremantle Dockers,0.0
2019,	Geelong Cats,0.0
2019,	Gold Coast Suns,0.0
2019,	Melbourne Demons,0.0
2019,	North Melbourne Kangaroos,0.0
2019,	St Kilda Saints,1.0
2019, Adelaide Crows ,0.45454545454545453
2019,Adelaide Crows,0.5
2019,Brisbane Lions,0.7142857142857143
2019,Carlton Blues,0.3333333333333333
2019,Collingwood Magpies,0.6521739130434783
2019,Essendon Bombers,0.5789473684210527
2019,Fremantle Dockers,0.42105263157894735
2019,Geelong Cats,0.75
2019,Gold Coast Suns,0.15
2019,Greater Western Sydney Giants,0.6153846153846154
2019,Hawthorn Hawks,0.45
2019,Melbourne Demons,0.2
2019,North Melbourne Kangaroos,0.47619047619047616
2019,Port Adelaide Power,0.5
2019,Richmond Tigers,0.782608695652174
2019,St Kilda Saints,0.4
2019,Sydney Swans,0.3684210526315789
2019,W. Bulldogs,0.6363636363636364
2019,West Coast Eagles,0.6521739130434783
2019,Western Bulldogs,0.4166666666666667
2019,adelaide crows,0.0
2019,brisbane lions,0.3333333333333333
2019,carlton blues,0.0
2019,essendon bombers,0.3333333333333333
2019,fremantle dockers,0.5
2019,geelong cats,0.5
2019,gold coast suns,0.0
2019,hawthorn hawks,1.0
2019,melbourne demons,0.3333333333333333
2019,port adelaide power,0.5
2019,richmond tigers,0.5
2019,st kilda saints,0.0
2019,sydney swans,0.3333333333333333
2019,west coast eagles,1.0
2020,	 Adelaide Crows ,0.0
2020,	Geelong Cats,1.0
2020,	Greater Western Sydney Giants,1.0
2020,	Melbourne Demons,0.5
2020,	North Melbourne Kangaroos,0.0
2020,	Port Adelaide Power,1.0
2020, Adelaide Crows ,0.125
2020,Adelaide Crows,0.2857142857142857
2020,Brisbane Lions,0.8333333333333334
2020,Carlton Blues,0.375
2020,Collingwood Magpies,0.5294117647058824
2020,Essendon Bombers,0.3333333333333333
2020,Fremantle Dockers,0.4117647058823529
2020,Geelong Cats,0.6666666666666666
2020,Gold Coast Suns,0.3333333333333333
2020,Greater Western Sydney Giants,0.4666666666666667
2020,Hawthorn Hawks,0.29411764705882354
2020,Melbourne Demons,0.5333333333333333
2020,North Melbourne Kangaroos,0.2
2020,Port Adelaide Power,0.7777777777777778
2020,Richmond Tigers,0.7058823529411765
2020,St Kilda Saints,0.5789473684210527
2020,Sydney Swans,0.3125
2020,W. Bulldogs,0.625
2020,West Coast Eagles,0.6666666666666666
2020,Western Bulldogs,0.4444444444444444
2020,adelaide crows,0.0
2020,brisbane lions,0.0
2020,carlton blues,1.0
2020,collingwood magpies,0.5
2020,essendon bombers,0.5
2020,geelong cats,0.5
2020,gold coast suns,0.0
2020,greater western sydney giants,0.0
2020,north melbourne kangaroos,0.0
2020,richmond tigers,0.75
2020,sydney swans,0.0
2020,western bulldogs,1.0
2021,	 Adelaide Crows ,0.0
2021,	Carlton Blues,1.0
2021,	Fremantle Dockers,0.0
2021,	Geelong Cats,1.0
2021,	Gold Coast Suns,0.5
2021,	Melbourne Demons,0.5
2021,	North Melbourne Kangaroos,0.0
2021,	Port Adelaide Power,0.0
2021,	St Kilda Saints,0.0
2021,	Sydney Swans,0.6666666666666666
2021,	W. Bulldogs,1.0
2021, Adelaide Crows ,0.5
2021,Adelaide Crows,0.2222222222222222
2021,Brisbane Lions,0.6521739130434783
2021,Carlton Blues,0.3888888888888889
2021,Collingwood Magpies,0.25
2021,Essendon Bombers,0.47619047619047616
2021,Fremantle Dockers,0.5
2021,Geelong Cats,0.6956521739130435
2021,Gold Coast Suns,0.35294117647058826
2021,Greater Western Sydney Giants,0.5714285714285714
2021,Hawthorn Hawks,0.3157894736842105
2021,Melbourne Demons,0.8
2021,North Melbourne Kangaroos,0.2
2021,Port Adelaide Power,0.7727272727272727
2021,Richmond Tigers,0.4090909090909091
2021,St Kilda Saints,0.45
2021,Sydney Swans,0.631578947368421
2021,W. Bulldogs,0.6363636363636364
2021,West Coast Eagles,0.5263157894736842
2021,Western Bulldogs,0.6923076923076923
2021,adelaide crows,0.0
2021,brisbane lions,0.0
2021,carlton blues,0.0
2021,collingwood magpies,0.5
2021,essendon bombers,0.5
2021,fremantle dockers,0.3333333333333333
2021,geelong cats,0.0
2021,gold coast suns,0.0
2021,greater western sydney giants,0.0
2021,hawthorn hawks,0.3333333333333333
2021,melbourne demons,1.0
2021,north melbourne kangaroos,0.0
2021,port adelaide power,1.0
2021,st kilda saints,1.0
2021,sydney swans,1.0
2021,west coast eagles,0.0
2021,western bulldogs,1.0
2022,	 Adelaide Crows ,0.0
2022,	Brisbane Lions,1.0
2022,	Carlton Blues,1.0
2022,	Fremantle Dockers,1.0
2022,	Hawthorn Hawks,0.0
2022,	Melbourne Demons,1.0
2022,	North Melbourne Kangaroos,1.0
2022,	Port Adelaide Power,1.0
2022,	Richmond Tigers,1.0
2022,	St Kilda Saints,0.5
2022, Adelaide Crows ,0.5
2022,Adelaide Crows,0.3333333333333333
2022,Brisbane Lions,0.65
2022,Carlton Blues,0.5789473684210527
2022,Collingwood Magpies,0.6521739130434783
2022,Essendon Bombers,0.3333333333333333
2022,Fremantle Dockers,0.6666666666666666
2022,Geelong Cats,0.8260869565217391
2022,Gold Coast Suns,0.45
2022,Greater Western Sydney Giants,0.3157894736842105
2022,Hawthorn Hawks,0.35
2022,Melbourne Demons,0.6363636363636364
2022,North Melbourne Kangaroos,0.047619047619047616
2022,Port Adelaide Power,0.3684210526315789
2022,Richmond Tigers,0.5555555555555556
2022,St Kilda Saints,0.47368421052631576
2022,Sydney Swans,0.7272727272727273
2022,W. Bulldogs,0.6363636363636364
2022,West Coast Eagles,0.10526315789473684
2022,Western Bulldogs,0.36363636363636365
2022,adelaide crows,0.0
2022,brisbane lions,0.75
2022,carlton blues,0.0
2022,collingwood magpies,1.0
2022,essendon bombers,0.0
2022,fremantle dockers,0.5
2022,geelong cats,1.0
2022,gold coast suns,0.5
2022,greater western sydney giants,0.0
2022,hawthorn hawks,1.0
2022,melbourne demons,1.0
2022,port adelaide power,1.0
2022,richmond tigers,0.5
2022,st kilda saints,1.0
2022,sydney swans,0.6666666666666666
2022,west coast eagles,0.0
2022,western bulldogs,1.0
2023,	 Adelaide Crows ,1.0
2023,	Collingwood Magpies,1.0
2023,	Essendon Bombers,1.0
2023,	Geelong Cats,1.0
2023,	Melbourne Demons,1.0
2023,	Richmond Tigers,0.0
2023,	Sydney Swans,1.0
2023,	W. Bulldogs,0.0
2023, Adelaide Crows ,0.6363636363636364
2023,Adelaide Crows,0.3
2023,Brisbane Lions,0.72
2023,Carlton Blues,0.6
2023,Collingwood Magpies,0.8260869565217391
2023,Essendon Bombers,0.42857142857142855
2023,Fremantle Dockers,0.42857142857142855
2023,Geelong Cats,0.42857142857142855
2023,Gold Coast Suns,0.45
2023,Greater Western Sydney Giants,0.56
2023,Hawthorn Hawks,0.35
2023,Melbourne Demons,0.6666666666666666
2023,North Melbourne Kangaroos,0.13043478260869565
2023,Port Adelaide Power,0.68
2023,Richmond Tigers,0.5
2023,St Kilda Saints,0.5416666666666666
2023,Sydney Swans,0.47619047619047616
2023,W. Bulldogs,0.5
2023,West Coast Eagles,0.15
2023,Western Bulldogs,0.5
2023,adelaide crows,0.0
2023,brisbane lions,1.0
2023,carlton blues,0.0
2023,collingwood magpies,0.5
2023,essendon bombers,1.0
2023,fremantle dockers,0.5
2023,geelong cats,0.0
2023,gold coast suns,0.0
2023,greater western sydney giants,1.0
2023,hawthorn hawks,0.0
2023,melbourne demons,0.3333333333333333
2023,richmond tigers,0.0
2023,sydney swans,0.5
2023,west coast eagles,0.0
2023,western bulldogs,0.75
2024,	Brisbane Lions,1.0
2024,	Carlton Blues,1.0
2024,	Essendon Bombers,1.0
2024,	Melbourne Demons,0.5
2024,	Richmond Tigers,0.0
2024,	St Kilda Saints,0.5
2024,	Sydney Swans,1.0
2024, Adelaide Crows ,0.4166666666666667
2024,Adelaide Crows,0.3333333333333333
2024,Brisbane Lions,0.6666666666666666
2024,Carlton Blues,0.47368421052631576
2024,Collingwood Magpies,0.5217391304347826
2024,Essendon Bombers,0.42105263157894735
2024,Fremantle Dockers,0.5
2024,Geelong Cats,0.6086956521739131
2024,Gold Coast Suns,0.4782608695652174
2024,Greater Western Sydney Giants,0.6363636363636364
2024,Hawthorn Hawks,0.6086956521739131
2024,Melbourne Demons,0.5294117647058824
2024,North Melbourne Kangaroos,0.13636363636363635
2024,Port Adelaide Power,0.6538461538461539
2024,Richmond Tigers,0.1
2024,St Kilda Saints,0.47619047619047616
2024,Sydney Swans,0.72
2024,W. Bulldogs,0.5384615384615384
2024,West Coast Eagles,0.22727272727272727
2024,Western Bulldogs,0.5555555555555556
2024,adelaide crows,0.0
2024,brisbane lions,0.5
2024,carlton blues,0.75
2024,essendon bombers,0.6666666666666666
2024,fremantle dockers,1.0
2024,geelong cats,1.0
2024,greater western sydney giants,0.3333333333333333
2024,hawthorn hawks,0.5
2024,melbourne demons,0.25
2024,north melbourne kangaroos,0.0
2024,richmond tigers,0.0
2024,west coast eagles,0.0
2024,western bulldogs,1.0
2025,	Brisbane Lions,0.5
2025,	Essendon Bombers,1.0
2025,	Geelong Cats,1.0
2025,	Hawthorn Hawks,1.0
2025,	Richmond Tigers,1.0
2025,	W. Bulldogs,1.0
2025,	West Coast Eagles,1.0
2025, Adelaide Crows ,0.7857142857142857
2025,Adelaide Crows,0.6
2025,Brisbane Lions,0.6956521739130435
2025,Carlton Blues,0.4090909090909091
2025,Collingwood Magpies,0.6363636363636364
2025,Essendon Bombers,0.23809523809523808
2025,Fremantle Dockers,0.6521739130434783
2025,Geelong Cats,0.7391304347826086
2025,Gold Coast Suns,0.625
2025,Greater Western Sydney Giants,0.6956521739130435
2025,Hawthorn Hawks,0.6666666666666666
2025,Melbourne Demons,0.3181818181818182
2025,North Melbourne Kangaroos,0.21052631578947367
2025,Port Adelaide Power,0.42105263157894735
2025,Richmond Tigers,0.18181818181818182
2025,St Kilda Saints,0.38095238095238093
2025,Sydney Swans,0.5454545454545454
2025,W. Bulldogs,0.5454545454545454
2025,West Coast Eagles,0.0
2025,Western Bulldogs,0.625
2025,adelaide crows,1.0
2025,brisbane lions,1.0
2025,carlton blues,0.0
2025,collingwood magpies,1.0
2025,essendon bombers,0.0
2025,fremantle dockers,1.0
2025,geelong cats,0.5
2025,gold coast suns,1.0
2025,greater western sydney giants,0.0
2025,hawthorn hawks,0.0
2025,melbourne demons,0.0
2025,north melbourne kangaroos,0.25
2025,port adelaide power,0.25
2025,st kilda saints,0.5
2025,sydney swans,0.0
2025,west coast eagles,0.0
2025,western bulldogs,0.6666666666666666
